_id,ltable_id,rtable_id,ltable_title,ltable_artist_name,ltable_year,rtable_title,rtable_year,rtable_episode,rtable_song,rtable_artists,gold_labels
515,950966,698826,I'll Be There For You/ You're All I Need To Get By,Method Man / Mary J. Blige,0,Tom Sawyer,2000.0,,Friends for Life,mark watters + rhett akins  / mark willis,0
3584,958039,350917,I Dont Know (Lopazz Remix),Chelonis R. Jones,0,Another Gay Movie,2006.0,,I Was Born This Way,bunny jones + chris spierer + craig c + jimmy somerville,0
5034,917179,726921,As Time Goes By,Dooley Wilson,1990,Woody Allen: A Documentary,2012.0,,As Time Goes By,herman hupfeld + dooley wilson,1
3349,260274,495126,Mozart: Die Entfuhrung aus dem Serail (The Abduction from the Seraglio): Overture,Wolfgang Amadeus Mozart,0,Jumpin Jack Flash,1986.0,,Overture,wolfgang amadeus mozart,0
3347,816164,355747,La Rifa Del Viento,Luis Alberto Spinetta,1983,Aventuras del barbero de Sevilla,1954.0,,Chanson de la montagne,luis mariano + mireille brocey + juan quintero,0
2239,904546,231867,S.O.P. Theme #3: Feelings And Facts,Danny Elfman,0,Tales from the Crypt,1989.0,Horror in the Night (#7.5),Tales from the Crypt Theme,danny elfman,0
2406,107555,250042,Classical Suite - In Memory of Pagan (Part I),Ed Alleyne-Johnson,2001,The Johnny Cash Show,1969.0,(#1.6),Windmills of Your Mind,michel legrand + ed ames,0
1112,714398,379008,A Few Minutes Of Silence (Album Version),Paul Westerberg,1993,BrÃ¼tal Legend,2009.0,,Wheels of Steel,biff byford + paul quinn + graham oliver + steve dawson + pete gill + saxon,0
3860,800585,94157,Mil Pedazos,Jaula de Grillos,0,FÃ­sica o quÃ­mica,2008.0,Autocontrol (#4.11),Mil pedazos,jaula de grillos,1
4168,948620,556551,Skip To My Lou,Old Town School of Folk Music,0,Night at the Museum: Secret of the Tomb,2014.0,,(Ive Had) The Time of My Life,franke previte + john denicola + donald markowitz + bill medley + jennifer warnes + arrangement with sony music licensing,0
3232,897903,379008,Wheels Of Steel (Live At The Hammersmith Odeon) (1997 Digital Remaster),Saxon,0,BrÃ¼tal Legend,2009.0,,Wheels of Steel,biff byford + paul quinn + graham oliver + steve dawson + pete gill + saxon,1
3072,823932,204054,Black Is White,White Heart,0,Scandal,2012.0,Its Good to Be Kink (#4.16),Dr. Feelgood (Love Is a Serious Business),aretha franklin + ted white,0
5045,458441,134778,Whoops Look Out Behind You (Comedy),Eric Idle,0,Late Night with Jimmy Fallon,2009.0,(#3.18),The Best Thing About Me Is You,eric bazilian + andreas carlsson + desmond child + ricky martin,0
264,541044,177622,Intro 2005 Atlantic Recording Corp. Manufactured and Marketed by Warner Strategic Marketing.,Ray Barretto,0,Parenthood,2010.0,Amazing Andy and His Wonderful World of Bugs (#2.16),Love and Permanence,azure ray,0
2318,882609,83032,Strange Things,Freeland,2009,Entourage,2004.0,Buzzed (#7.2),Strange Things,adam freeland,1
304,909290,1638,You Can't Dance (LP Version),England Dan & John Ford Coley,1978,20 to 1,2005.0,Our All Time Favourite Films (#9.11),Hopelessly Devoted To You,olivia newton-john + john farrar,0
2007,953319,216769,Time (Jungle) (Temple of Soul Mix),Wax Poetic Feat. Saul Williams,2003,So You Think You Can Dance,2005.0,The Top 20 Finalists Perform (#10.8),Last Time,labrinth + marc williams,0
3058,889460,275562,Theme (The Duke) - Intro,The Dave Brubeck Quartet Featuring Paul Desmond,0,The Tonight Show Starring Johnny Carson,1962.0,(1975-07-30),Johnnys Theme,paul anka,0
2190,941273,234812,How Do You Catch A Girl,Sam The Sham & The Pharaohs,1998,That Girl,1966.0,Little Auction Annie (#1.8),That Girl Theme Song,sam denoff + earle hagen,0
4449,940859,652278,Maestoso (A Hymn In The Roof Of The World),Barclay James Harvest,1974,The Canyon,2009.0,,Back Of My Mind,jim reilley + james scott reilley,0
3616,276001,298466,I Love You More Every Day,John Mayall,2007,Top of the Pops 2,1994.0,TOTP2 Presents the Nineties,(Everything I Do) I Do It for You,bryan adams + michael kamen + robert john lange,0
4991,581213,250807,Love Me Or Leave Me,Gregory Isaacs & Dennis Brown,1989,The Knick,2014.0,Ten Knots (#2.1),Get Well Or Jump Off,cliff martinez + gregory tripi,0
835,812189,276996,I Like That You Can't Take That Away From Me,Jae Millz / Eric B. & Rakim / Mashonda / June Christy,0,The Tonight Show with Jay Leno,1992.0,(#18.103),Cooler Than Me,mike posner + eric hÃ¶lljes,0
508,107184,258749,Empty House,Phantom Planet,2004,The O.C.,2003.0,The Safe Harbor (#3.11),Our House,phantom planet,0
1942,961406,522125,Rock And Roll Doctor [Live Outtake],Little Feat,0,Lone Star,1996.0,,Im Blue and Lonsome,little walter + duke levine + mike turk + billy novick + marshall wood + tim jackson,0
3855,79668,538852,Blues (That Mean Old Twister),Lightnin Hopkins,1991,Merton,1984.0,,The Trouble Blues,lightnin hopkins,0
2736,544886,631413,Chinese Burn (Lunatic Calm mix),Curve,2004,Stormbreaker,2006.0,,Chinese Burn (Lunatic Calm Mix),toni halliday + dean garcia + curve,1
3056,889460,275456,Theme (The Duke) - Intro,The Dave Brubeck Quartet Featuring Paul Desmond,0,The Tonight Show Starring Johnny Carson,1962.0,(1974-06-21),Johnnys Theme,paul anka,0
627,951132,591561,I Get A Kick Out Of You,Louis Armstrong / Oscar Peterson / Herb Ellis / Ray Brown / Louie Bellson,0,Reet  Petite  and Gone,1947.0,,I KNOW WHAT YOURE PUTTIN DOWN,louis jordan + louis jordan   with his tympany five,0
2098,650425,40412,Hold Me My Darling - Original,Jerry Butler,0,Californication,2007.0,Exile on Main St. (#4.1),Check My Brain,jerry cantrell + alice in chains,0
2157,888031,353063,Right Of Way Blues,Blind Lemon Jefferson,1990,Around the Fire,1998.0,,Cant Find My Way Home,steve winwood + blind faith,0
4363,377961,154989,Lullaby of Broadway,The London Pops Orchestra,0,Miss Fishers Murder Mysteries,2012.0,Game  Set & Murder (#3.7),Whats the Use of Living Without Love,james hanley + joseph mccarthy + king oliver + his orchestra,0
3990,563319,254655,A Swingin Safari,Bert Kaempfert And His Orchestra,2003,The Match Game,1962.0,(#3.20),A Swingin Safari (The MATCH GamE),bert kaempfert,1
2287,929182,678451,The House Of Baraka,The Master Musicians of Jajouka featuring Bachir Attar,0,The Pillow Book,1996.0,,Invocations of Gompo,buddhist lamas + monks of the four great orders,0
3139,359890,639350,Stars Shine In Your Eyes (from La Strada),David Rose And His Orchestra,0,Talking Heads in concerto,1980.0,,Houses in Motion,david byrne + brian eno + chris frantz + jerry harrison + tina weymouth + talking heads,0
1834,961240,156176,To My Buddy_ Buddy,Fred Lonberg-Holm Trio,0,MisteRogers Neighborhood,1968.0,1517: Day Care and Night Care (#13.12),Wont You Be My Neighbor?,fred rogers,0
2034,945209,23240,Triagle Blues,New Roanoke Jug Band,0,Baseball,1994.0,A National Heirloom (#1.4),Chimes Blues,new black eagle jazz band,0
5063,696032,278245,Love Of A Lifetime,Larry Gatlin & The Gatlin Brothers Band,0,The Tonight Show with Jay Leno,1992.0,(#20.150),The Heart of Rock & Roll,johnny colla + huey lewis + the tonight show band,0
2856,946533,460732,Good Rockin' Tonight,Roy Brown,0,Gumshoe,1971.0,,Baby  Youre Good For Me,andrew lloyd webber + roy young,0
2765,778955,556551,Hard Time Empty Bottle Blues IV,John Fahey,2006,Night at the Museum: Secret of the Tomb,2014.0,,(Ive Had) The Time of My Life,franke previte + john denicola + donald markowitz + bill medley + jennifer warnes + arrangement with sony music licensing,0
3848,956208,12143,Today I Started Loving You Again,Dolly Parton / John Popper,1996,American Idol: The Search for a Superstar,2002.0,Top 13 Perform (#11.17),I Will Always Love You,dolly parton + jessica sanchez,0
2042,153443,577456,Isn't Life Strange,The Moody Blues,1972,Pirates of Silicon Valley,1999.0,,Isnt Life Strange,john lodge + the moody blues,1
1569,128737,404994,Had I Known You Better Then (LP Version),Daryl Hall And John Oates,1996,Danny Collins,2015.0,,Whatever Gets You Through the Night,john lennon,0
3659,947783,386430,Ride Of Your Life (New Jim Scott Mix),John Gregory,0,Casualties of War,1989.0,,Magic Carpet Ride,rushton moreve + john kay + steppenwolf,0
3954,563210,387243,Folsom Prison Blues,The John Evans Band,0,Celebration at Big Sur,1971.0,,Rainbows Over Your Blues,john sebastian,0
2110,519354,62566,This Little Light of Mine,Pete Seeger with Memphis Slim and Willie Dixon,0,De wereld draait door,2005.0,(#4.131),Little red rooster,willie dixon + lucky fonz iii,0
4018,948371,68827,Nobody Does It Better (Instrumental),Marvin Hamlisch,1977,Detroit 1-8-7,2010.0,Ice Man/Malibu (#1.11),Baby Dont You Do it,brian holland + lamont dozier + marvin gaye,0
3198,938850,569160,Requiem in D Minor K626 - Communion: Cum sanctis tuis,Scottish Chamber Orchestra/Sir Charles Mackerras,0,Over the Santa Fe Trail,1947.0,,Were Always in the Money but Still Were Always Broke,charles ward + the hoosier hotshots,0
2587,954279,77644,Deer in the headlights (DJ Hell Remix),Chelonis R. Jones,2006,Dust Up,2011.0,A Sprayers Paradise (#1.2),Riders in the Sky,jay semko + randy woods + stan jones,0
73,262236,632027,Untitled 1,Keane,2004,Strangers,2005.0,,Untitled 1,keane,1
4210,858536,96446,SNOW WHITE: A Tale Of Terror: Theme,John Ottman,0,Getaway,1992.0,(#19.3),Superman Theme,john williams,0
2469,85784,543992,The Honky Tonk Life I Lead,The John Evans Band,0,Money for Nothing,1993.0,,I Can Laugh About It Now,steve diamond + diamond mine band + joe turano,0
533,795332,704512,I Believe In Music,Mac Davis,1992,Tumbleweed Trail,1942.0,,What Can I Do?,johnny lange + lew porter + art davis,0
4024,6297,238349,Hard To Say Goodbye,Kevin Braheny,1990,The Big Bang Theory,2007.0,The Maternal Combustion (#8.23),Its the Hard Knock Life,charles strouse + simon helberg + kunal nayyar + kevin sussman,0
4358,907884,625519,Is It Wrong To Feel So Good (At This Time In My Life),Cliff Eberhardt,1993,Spawn,1997.0,,For Whom the Bell Tolls (The Irony of it All),james hetfield + lars ulrich + cliff burton + metallica,0
3886,919874,558763,Raindrops Keep Falling On My Head,Billy Joe Royal,0,Nobodys Perfect,1990.0,,Girls on the Run,the crybabys + simon stokes + billy cioffi,0
2666,949421,680833,Heart Of An Angel,The Jeff Healey Band,1992,The Real St. Nick,2012.0,,Heart Full Of Holly,jeff toyne + melissa r. kaplan,0
1981,478142,379008,Waves of Bliss (Featuring Steve Gorn),Paul Avgerinos,2006,BrÃ¼tal Legend,2009.0,,Wheels of Steel,biff byford + paul quinn + graham oliver + steve dawson + pete gill + saxon,0
3864,705069,218465,All I Really Want To Do,Bob Dylan,1964,Solid Gold,1980.0,(#5.37),Talk to Me,beau hill + bob pfeifer + fiona,0
4858,956992,465199,One Of Those Dreams,Michael Stanley Band,1982,Hatchet II,2010.0,,Just One Fix,michael balch + al jourgensen + paul barker + bill rieflin + ministry + arrangement with warner music group film + tv licensing,0
592,734682,694744,Ain't No Woman Like The One I Got,Jeff Golub Featuring Richard Elliot,2007,This Is 40,2012.0,,I Got You (At the End of the Century),jeff tweedy + wilco,0
1654,960963,523718,Y Ya Tu Campana No Suena,Juan Formell y los Van Van,0,Los secretos - 30 aÃ±os,2007.0,,No vuelvas nunca mÃ¡s,los secretos,0
2040,502852,650082,Press Darlings,Adam & The Ants,1981,The Blue Black Hussar,2013.0,,Press Darlings,adam ant,1
2291,396722,314484,Goodbye Mr. Love - Original,Warren Smith,0,WKRP in Cincinnati,1978.0,Til Debt Do Us Part (#3.21),The Book of Love,charles patrick + warren davis + george malone + the monotones,0
1669,747259,178317,In The Garden / O_ How I Love Jesus (I Love To Tell The Story Album Version),Mark Lowry,0,Parenthood,2010.0,Theres Something I Need to Tell You... (#4.5),Water of Love,mark knopfler + dire straits,0
3253,897945,273037,Multiply (In A Minor Key) Piano by Gonzales,Jamie Lidell,2006,The Tonight Show Starring Jimmy Fallon,2014.0,Jamie Foxx/Carla Gugino/Jamie Foxx feat. Kid Ink (#2.153),In Love By Now,jamie foxx + mitch catalyst cohn + travis sayles + j doe smith + robert crayton,0
1561,128737,58318,Had I Known You Better Then (LP Version),Daryl Hall And John Oates,1996,Dancing with the Stars,2005.0,Latin Night (#18.7),Cant Remember to Forget You,rihanna + john hill + kid harpoon + daniel alexander + shakira,0
3810,702210,149353,Love Is All Around (The Mary Tyler Moor Show Theme),Sonny Curtis,0,Mary Tyler Moore,1970.0,And Now  Sitting in for Ted Baxter (#2.9),Love Is All Around,sonny curtis,1
4788,343338,12568,Honey Don't (Live),Carl Perkins,0,American Masters,1985.0,Good Rockin Tonight: The Legacy of Sun Records (#16.5),Honey Dont,carl perkins,1
2425,453218,67453,Saia Indiscreta,FilarmÃ³nica Gil,0,Deixa-me Amar,2007.0,(#1.93),Saia indiscreta,filarmÃ³nica gil,1
4065,309498,45645,Medley: Lover Come Back To Me/(I Don't Stand) A Ghost Of A Chance With You/Just You_ Just Me,Charlie Shavers / Bill Harris / Charlie Ventura / Ralph Burns / Bill Arango / Curly Russell / Sid Catlett,0,Chuck,2007.0,Chuck Versus Tom Sawyer (#2.5),All Out of Love,air supply + graham russell + russell hitchcock,0
2380,372374,287587,My Life (Anthology Version),John Lennon,0,The X Factor,2004.0,Live Final (#2.29),(Ive Had) The Time of My Life,franke previte + john denicola + donald markowitz + bill medley + jennifer warnes,0
3719,915074,560198,Summertime Guajira,Ray Barretto - New World Spirit,0,Nothing Personal,1995.0,,In The Summertime,ray dorset + mungo jerry,0
1151,887762,252058,These Foolish Things (Remind Me Of You),Ray Conniff Singers,0,The Life and Legend of Wyatt Earp,1955.0,The Buntline Special (#1.16),The Legend of Wyatt Earp,harry warren + the ken darby singers,0
192,934140,19112,Close My Eyes,Sander van Doorn vs Robbie Williams,0,Australian Idol,2003.0,Top 10 Results Show (#3.20),My Generation,pete townshend + dan england + laura gissara + milly edwards + lee harding + roxane lebrasse + anne robertson + daniel spillane + kate dearaugo + james kannis + emily williams,0
1122,960174,365134,King of the Honky Tonks,Commander Cody And His Lost Planet Airmen,0,Best Foot Forward,1943.0,,The Flight of the Bumblebee,nikolai rimsky-korsakov + harry james + his orchestra  at the prom,0
2346,298566,649568,Fantasy Pieces_ Op. 12: VII. Dream Visions in F Major,Sviatoslav Richter_ Robert Schumann,0,The Big Trail,1930.0,,When Its Harvest Time in Peaceful Valley,robert martin + raymond mckee,0
2662,544793,710408,We Need Water,Charlotte Diamond,0,Urgh! A Music War,1981.0,,We Got the Beat,charlotte caffey + the go-gos,0
5191,417738,241964,Til I Get To You,Ricky Martin,2005,The Dean Martin Show,1965.0,(#6.14),You Are My Sunshine,jimmie davis + charles mitchell + dean martin + glen campbell,0
1756,756336,179464,All I Want,Michael W. Smith,2004,Pastor Mike Online,2011.0,What Is the Underground Church? (#1.197),Do You Hear What I Hear?,gloria shayne + michael hoggard,0
3661,947783,483155,Ride Of Your Life (New Jim Scott Mix),John Gregory,0,Imagine: John Lennon,1988.0,,A Day in the Life,john lennon + paul mccartney,0
4903,908749,549469,All My Money Gone,Henry Townsend,0,My Brother,2006.0,,After Youre Gone,henry creamer + turner layton + evan palazzo,0
5094,819000,698125,I Got Lost In His Arms [from 'Annie get Your Gun'],Ethel Merman / London Festival Orchestra and Chorus / Stanley Black,0,To Live & Ride in L.A.,2010.0,,Microphones in the Mattress,bobby moynahan + esli sugich + ballerina black,0
347,90188,615370,El Hombre De La Cima,JosÃ© Luis RodrÃ­guez,0,Silvio RodrÃ­guez  OjalÃ¡,2013.0,,Rabo de nube,silvio rodrÃ­guez,0
3068,889460,275724,Theme (The Duke) - Intro,The Dave Brubeck Quartet Featuring Paul Desmond,0,The Tonight Show Starring Johnny Carson,1962.0,(1977-01-27),Johnnys Theme,paul anka,0
2093,650425,166533,Hold Me My Darling - Original,Jerry Butler,0,New Zealand Idol,2004.0,Top 10 Performance Show: Idols Choice (#1.11),(You Make Me Feel Like) A Natural Woman,gerry goffin + carole king + jerry wexler + camillia temple,0
2892,958527,344594,Baby Come To Me,Regina Belle,1989,Almost,2008.0,,If She Wants Me,belle + sebastian,0
1442,903360,386430,The magic of love,Russell Watson / Lionel Richie / Jay Berliner / Jeff Bova / Royal Philharmonic Orchestra / John Lubbock,0,Casualties of War,1989.0,,Magic Carpet Ride,rushton moreve + john kay + steppenwolf,0
2501,954185,597724,The Love I Long For (November 30_ 1944 War Bond Rally San Diego_ Ca),Harry James & His Orchestra,0,Rocky V,1990.0,,Go For It! (Heart and Fire!),joey b. ellis + tynetta hare + michael kelly + james earley,0
1960,883867,15824,On The Wings Of Love,Jeffrey Osborne,1982,Are You Afraid of the Dark?,1990.0,The Tale of Oblivion (#6.11),Are You Afraid of the Dark? Theme,jeffrey zahn,0
4759,687385,52100,After Mendelssohn (137 Years) / Paint It Black / Arthur's Treat / Talking World War iii Blues / 89-90-91-92,Gavin Bryars / 1/2 Japanese / Simon Jeffes / Mark Perry / Michael Nyman,0,Criminal Minds,2005.0,The Sandman (#11.17),Criminal Minds (TV Show Intro / Main Song Theme),mark mancina,0
230,491826,713749,Riot On Sunset Strip,The Standells,1967,Vietcong,2002.0,,Riot On Sunset Strip,tony valentino + john fleckenstein + the standells,1
3865,705069,302045,All I Really Want To Do,Bob Dylan,1964,Top of the Pops,1964.0,(1985-12-25),Do They Know Its Christmas?,bob geldof + midge ure + band aid,0
1854,314077,107624,Up Love the Life Line,Texas Radio Band,0,Heartland,2007.0,Broken Heartland (#8.12),Speak of Love,sweet talk radio,0
479,754254,225570,Star Trek: First Contact- End Title,Jerry Goldsmith,0,Stargate: Atlantis,2004.0,McKay and Mrs. Miller (#3.8),Main Title,joel goldsmith,0
5117,900955,30746,M and M's #1,Magic Mike,0,Big Love,2006.0,Pilot (#1.1),Rock and Roll (The Hey Song),gary glitter + mike leander,0
3976,317521,712092,The Ride Of The Valkyries_ Op.wwv86b : Overture,Richard Wagner,0,Varsity Show,1937.0,,Sing  You Son of a Gun,richard a. whiting,0
1789,936598,421304,Put A Little Love In Your Heart (The Big Three),Harry J Allstars,2004,Dramatic School,1938.0,,It Happpened When Your Eyes Met Mine,harry akst,0
726,918219,19251,I Feel The Earth Move,Carole King,1971,Australian Idol,2003.0,Top 24 Group 4 Performance Show: Girls (#4.10),(You Make Me Feel Like) A Natural Woman,gerry goffin + carole king + jerry wexler + lavina williams,0
3930,890844,644308,I Think We're Alone Now,Tommy James And The Shondells,1967,The 420 Movie,2009.0,,Thats What I Like,james blackburn + steve derkson + fingernail juice (james blackburn + isaac mitchell + steve rubio),0
257,934247,149959,We Will Rock You (Live 2000),Queen & Five,0,Match of the Day: Euro 2016,2016.0,Highlights: England vs. Wales/Northern Ireland vs. Ukraine/Germany vs. Poland (#1.19),We Will Rock You,queen,1
305,909290,18356,You Can't Dance (LP Version),England Dan & John Ford Coley,1978,Aufgspuit!,2006.0,Schmidbauer mit Klaus Eberhartinger,All You Need Is Love,john lennon + paul mccartney + klaus eberhartinger + werner schmidbauer + martin kÃ¤lberer,0
703,959424,437631,Love In The Meantime,George Jones & Tammy Wynette,0,Fear No Evil,1981.0,,Anarchy in the UK,john lydon + steve jones + glen matlock + paul cook + the sex pistols,0
562,942830,560198,In The Summertime ,Mungo Jerry,1970,Nothing Personal,1995.0,,In The Summertime,ray dorset + mungo jerry,1
3968,776254,311815,Bonus Track: Skeleton Kiss (Iron Mask Sessions 92),Christian Death,0,Velvet,2013.0,No digas adiÃ³s (#3.10),Kiss Me Darling,christian padovan + stÃ©phane huguenin + yves sanna,0
2655,28686,151864,CorazÃ³n Contento,Palito Ortega,2004,MemÃ²ries de la tele,2007.0,(#5.24),CorazÃ³n contento,palito ortega + marisol,1
3131,359890,78718,Stars Shine In Your Eyes (from La Strada),David Rose And His Orchestra,0,EastEnders,1985.0,(2001-07-23),Fill Me In,craig david,0
2530,949414,298466,You're The One That I Want,John Travolta / Olivia Newton-John,1978,Top of the Pops 2,1994.0,TOTP2 Presents the Nineties,(Everything I Do) I Do It for You,bryan adams + michael kamen + robert john lange,0
4239,842213,493151,High School Confidential,Albert Lee / Joe Hammer / Chas Hodges / Pete Robinson / B.J. Cole / Drew Croon / John Gustafson / Mick Kellie,1957,John Legend: Live from Philadelphia,2008.0,,So High,john legend,0
678,754573,13244,Cuando Nadie Me Ve,Alejandro Sanz,2001,Amores verdaderos,2012.0,Asesinar a Cristina (#1.109),No me compares,alejandro sanz,0
1115,868635,642619,First Time I Met The Blues,Buddy Guy,1970,Thanks for Listening,1937.0,,I Like to Make Music,connie lee + al heath + buddy la roux + pinky tomlin,0
4351,916055,341418,Aint Misbehavin',Fats Waller,0,Aint Misbehavin,1941.0,,Aint Misbehavin,fats waller + harry brooks + myra johnson + band + dancers,1
2754,954550,588410,Bitch_ I Love You,Black Joe Lewis & The Honeybears,0,Raggedy Ann & Andy: A Musical Adventure,1977.0,,I Never Get Enough,joe raposo + joe silver,0
2570,946041,200111,Heal Our Land (Song For The National Day Of Prayer),Michael Card,0,Sailor Moon,1995.0,,Its a New Day,michael benghiat + john miyagi author + andy heyward + jennifer cihi,0
3183,13116,172057,Powder Your Face With Sunshine (Smile! Smile! Smile!),Frank Sinatra and Dean Martin,0,One Hit Wonderland,2012.0,To Be with You by Mr. Big (#2.9),To Be With You,eric martin + david grahame + westlife,0
2953,905748,643340,Walking away (con Craig David) (Version album A. Ubago),Alex Ubago,0,Thats My Boy,2012.0,,Dance The Night Away,edward van halen + alex van halen + michael anthony + david lee roth + van halen + arrangement with warner music group film + tv licensing,0
3214,439142,44045,Love Is In The Air (Fran Mix),John Paul Young,1997,Cesko hledÃ¡ SuperStar,2004.0,TretÃ­ semifinÃ¡le: Kluci (#3.15),Can You Feel the Love Tonight,elton john + tim rice + zbynek drda,0
643,852833,643340,Silent Night (wrds. Joseph Mohr_ trans. & arr. Willcocks) (1991 Digital Remaster),Stephen Varcoe/Choir of King's College_ Cambridge/Sir David Willcocks,0,Thats My Boy,2012.0,,Dance The Night Away,edward van halen + alex van halen + michael anthony + david lee roth + van halen + arrangement with warner music group film + tv licensing,0
4428,908054,389067,Days Go By,Keith Urban,2004,Chasing Madoff,2010.0,,Indiana Days,keith nichols,0
4397,154270,667201,What'll I Do?,Johnny Mathis,1992,The Jane Austen Book Club,2007.0,,Youre All I Have,gary lightbody + nathan connolly + tom simpson + johnny quinn + snow patrol,0
5168,810942,455760,People Will Say We're in Love,Gordon MacRae & Shirley Jones With Jay Blackton And His Orchestra,0,Goodbye  Mr. Chips,1969.0,,Fill the World With Love,leslie bricusse + orchestra + boys chorus,0
2429,282329,470544,The Corner Of Walk And Don't Walk,8 Bold Souls (Ft. Edward Wilkerson_ Jr.),0,Hilary and Jackie,1998.0,,Concerto for Violoncello and Orchestra in E Minor  Opus 85,edward elgar + the philadelphia orchestra + jacqueline du prÃ©,0
2544,520600,389866,Shock Of Mighty,Dave Barker / The Upsetters,0,Chess,2003.0,,Kvartet - En fÃ¶rebild fÃ¶r dygd och hÃ¶gsta ambition (Quartet - A model of decorum and tranquillity),per myberg / helen sjÃ¶holm / rolf skoglund / tommy kÃ¶rberg,0
2474,85784,204222,The Honky Tonk Life I Lead,The John Evans Band,0,Scene at 6:30,1963.0,(1964-10-16),I Should Have Known Better,john lennon + paul mccartney + the beatles,0
1107,853650,369903,(You Make Me Feel Like) A Natural Woman,Lisa Bund,2007,Blame It on Rio,1984.0,,Alone With Me,lisa roberts gillan + kenneth wannberg,0
5004,925286,660540,Living In A World I Created For Myself,Jimmy Ruffin,1989,The Ford 50th Anniversary Show,1953.0,,I Cant Give You Anything but Love,jimmy mchugh,0
2193,347430,664804,Black Girl White Girl,Lords Of The New Church,1983,The Hidden,1987.0,,Black Girl White Girl,stiv bators + brian james + the lords of the new church,1
48,942143,337771,The Way You Do The Things You Do,Little Richard,0,ATL,2006.0,,Do It to It,rodney richard + john williams + sean paul joseph + farrah king + neosha king + cherish + sean paul + arrangement with sony bmg music entertainment,0
2626,757705,210340,Baby Love,The Supremes,1964,Shindig!,1964.0,(#1.25),Stop! In the Name of Love,lamont dozier + brian holland + edward holland + denzil foster + thomas mcelroy + the supremes,0
2484,659252,500934,It's Time To Go Home,Marty Stuart And His Fabulous Superlatives,0,Killer: A Journal of Murder,1995.0,,I LIKE TO PET,bill elliott + his orchestra + frederick hodges,0
3705,956009,220286,Come On In Love,Barry White,1995,Soul Train,1971.0,Stephanie Mills/Force MDs (#17.26),Your Love Drives Me Crazy,james edward white + jr. + force m.d.s,0
4728,941300,234156,Sevillanas de Triana. Rojo amapola,Miguel de los Reyes - JosÃ© Manuel RoldÃ¡n,0,TelevisiÃ³n registrada,1999.0,Andy Chango (#15.8),HÃ©roes de Malvinas,andrÃ©s ciro martÃ­nez + ciro y los persas,0
1487,307579,257468,Autumn Leaves,Nat King Cole,1954,The Nat King Cole Show,1954.0,(#1.5),Autumn Leaves,joseph kosma + nat king cole,1
1537,92458,726349,Wat Voor Weer Zou Het Zijn In Den Haag (3:48),AndrÃ© van Duin,0,Wolfgang Ambros: Greatest Hits  ...So Far!,2003.0,,Hand in Hand,wolfgang ambros + andrÃ© heller + gÃ¼nter dzikowski,0
3397,947331,571615,Give It Up Or Turnit A Loose,James Brown / The J.B.'s,0,Pardon My Rhythm,1944.0,,Youve Got to Hand It to the Band,inez james + sidney miller,0
5179,810942,677253,People Will Say We're in Love,Gordon MacRae & Shirley Jones With Jay Blackton And His Orchestra,0,The Oxford Murders,2008.0,,Orchestral Suite nÂº1 in C Major  BMW 1006:1 Overture,johann sebastian bach + felix prohaska + vienna state opera orchestra,0
1599,960884,298466,Coming Up For Air,Michael Stanley,1996,Top of the Pops 2,1994.0,TOTP2 Presents the Nineties,(Everything I Do) I Do It for You,bryan adams + michael kamen + robert john lange,0
3290,234475,724432,Lost Highway,Bon Jovi,2007,Wild Hogs,2007.0,,Lost Highway,jon bon jovi + richie sambora + john shanks + bon jovi,1
2579,937877,30792,Oh Happy Day,Edwin Hawkins,2001,Big Love,2006.0,The Writing on the Wall (#2.2),Oh Happy Day,philip doddridge + the edwin hawkins singers,1
3270,422848,537590,(LIVE) Bist du dabei_ Wie lebendig sie war_ Wenn wir GlÃ¼ck haben,Bernd Begemann & die Befreiung,0,Mein Schatz komm mit ans blaue Meer,1959.0,,So lang du einen Freund hast,werner scharfenberger + die blauen jungs,0
3681,800333,367670,I Can't Go For That (No Can Do),Daryl Hall & John Oates,1981,Biggest Band Breakups and Make Ups,2015.0,,We Can Work It Out,john lennon + paul mccartney + the beatles,0
1729,838233,441960,I Guess The Lord Must Be In New York City,Harry Nilsson,1989,Fog Over Frisco,1934.0,,Why Do I Dream Those Dreams?,harry warren,0
211,57633,629878,My Baby Came Back On The Last Wave Today,The Malibooz,0,Step Into Liquid,2003.0,,Call of the Wave,malibooz,0
2076,437384,331598,They Call It Stormy Monday (But Tuesday Is Just as Bad),John Hammond,1967,A Bright Shining Lie,1998.0,,Monday  Monday,john phillips + the mamas + the papas  (as the mamas + the papas),0
4349,858710,179464,That's What Faith Must Be (Present Reality Album Version),Michael Card,0,Pastor Mike Online,2011.0,What Is the Underground Church? (#1.197),Do You Hear What I Hear?,gloria shayne + michael hoggard,0
4104,375078,406324,Hidden Houses,Dave Gahan,2003,Dave Gahan: Live Monsters,2004.0,,Hidden Houses,dave gahan + know chandler,1
978,763294,517285,Shuffle Off To Buffalo,Hal Kemp and his Orchestra,0,Lets Make Rhythm,1947.0,,Concerto To End All Concertos,stan kenton + his orchestra,0
3759,582751,627978,Hey Girl (LP Version),Michael McDonald,0,Standing Ovation,2010.0,,Dancing Girl,edward b. kessel + sandy linzer + michael pericoloso + london clark + erika corvette + ashley cutrona + devon jordan + jeana zettler,0
1921,912234,470544,Selection: (a) Casimo (b) I Love You (c) You Can Never Blame A Girl For Dreaming (d) Goodbye_ Little Rosebud (e) Wildflower (f) April Blossoms (g) Bambalina (h) Goodbye_ Little Rosebud,The London Theatre Orchestra,0,Hilary and Jackie,1998.0,,Concerto for Violoncello and Orchestra in E Minor  Opus 85,edward elgar + the philadelphia orchestra + jacqueline du prÃ©,0
130,877001,119061,A Day In The Life/Give Peace A Chance,Paul McCartney,0,Idool 2007,2007.0,Grote Liveshow 1 - Mijn Idool (#3.11),She Moves in Her Own Way,hugh harris + max rafferty + luke pritchard + paul garred + dean delannoit,0
3643,939555,604568,Got To Get Back To Love,George Duke,2004,Saturday Night Live in the 80s: Lost & Found,2005.0,,Bad to the Bone,george thorogood + the destroyers,0
4934,933355,239746,Wait Upon The Lord (Remastered),Paul Smith,0,The Blues,2003.0,Warming by the Devils Fire (#1.4),Lord Lord Lord,mamie smith,0
4667,916672,406172,All We Need Is Love (Da Groove Doctors Original Mix),Da Groove Doctors Feat. Tommie Nibbs,0,Date Movie,2006.0,,Need Your Love,ali dee + zach danziger + vincent alfieri + alana da fonseca + latisha bonita,0
692,951230,592106,Spill The Wine,Eric Burdon,1986,Remember the Titans,2000.0,,Spill The Wine,harold r. brown + morris d. dickerson + lonnie jordan + lee oskar + eric burdon + war,1
4369,932478,691081,Meher Baba M5 (Vivaldi),Pete Townshend,1993,The Who and Special Guests Live at the Royal Albert Hall,2000.0,,Baba ORiley,the who  with nigel kennedy + pete townshend,0
4066,309498,163171,Medley: Lover Come Back To Me/(I Don't Stand) A Ghost Of A Chance With You/Just You_ Just Me,Charlie Shavers / Bill Harris / Charlie Ventura / Ralph Burns / Bill Arango / Curly Russell / Sid Catlett,0,Mystery Science Theater 3000,1988.0,Last of the Wild Horses (#7.11),Green  Green Grass of Home,curly putman + kevin murphy,0
4822,550085,554278,I'm Gonna Bring A Watermelon To My Girl Tonight,The Bonzo Dog Band,2007,Neil Diamond: Hot August Night/NYC,2009.0,,You Dont Bring Me Flowers,neil diamond   with linda press + the neil diamond band,0
2088,927602,278285,Fortunate Son,John Fogerty,1996,The Tonight Show with Jay Leno,1992.0,(#20.157),Fortunate Son,john fogerty + the tonight show band,1
2776,676099,54402,Mon manÃ¨ge Ã  moi (Tu me fais tourner la tÃªte),Ãdith Piaf,0,CuÃ©ntame,2001.0,ParÃ­s  Oh la la! (#3.2),La Vie en Rose,louiguy + Ãdith piaf,0
1660,949348,215975,Hallelujah! I Love Her So,Eddie Cochran & Gene Vincent,1988,So You Think You Can Dance Canada,2008.0,Top 16 Results (#4.13),Say (All I Need),drew brown + zach filkins + eddie fisher + brent kutzle + ryan tedder + onerepublic,0
2412,939978,378208,Printemps de vie,Les Petits Chanteurs de Saint-Marc,0,Bromato de armonio,1996.0,,La Hija de EscipiÃ³n,les luthiers,0
3233,775025,376262,El Santo Cachon,Los Embajadores Vallenatos,0,Breathing Room,1996.0,,Popurri Navideno - El Cascabel,los toros band,0
1344,854064,711620,Concerto No. 2 for Flute & Orchestra_ K. 314 in D/Rondeau: Allegro,James Galway;Sir Neville Marriner,0,Vampyres,1974.0,,Waiting For Death,james kenelm clarke + james clarke orchestra,0
3307,529400,179357,The Blob,The Five Blobs,1988,Pastor Mike Online,2011.0,Frank Logsdon  Dewey Lockman and the NASB (#1.154),(Beware of) The Blob,burt bacharach + the 5 blobs,1
710,959447,14636,6 pieces for electric violin: Dawn of a Darker Day,Ed Alleyne-Johnson,0,Animaniacs,1993.0,Testimonials/Babblin Bijou/Potty Emergency/Sir Yaksalot (#1.26),While Strolling Through the Park One Day,ed haley,0
2010,363509,174133,The Wind Blew All Around Me,Mary Lou Lord,2004,One Tree Hill,2003.0,We Might as Well Be Strangers (#2.6),The Wind Blew All Around Me,mary lou lord,1
1259,876515,346233,Hey! Baby,Bruce Channel,1962,America the Beautiful,2007.0,,Hey! Baby,margaret cobb + bruce channel,1
2012,764942,596522,A Night On The Bald Mountain,Munich Symphony Orchestra,0,Robinson Crusoe: The Great Blitzkrieg,2008.0,,Pier Gynt Mountain King,edvard grieg + the apollo symphony orchestra  (as apollo symphony orchestra,0
407,950360,502270,Senorita I Love You - Original,Jerry Butler,0,Kiss Me  Guido,1997.0,,I Am What I Am,jerry herman + gloria gaynor,0
738,959468,101354,My Lord And Master (from The King And I),The Original London Cast,0,Gotham,2014.0,The Fearsome Dr. Crane (#1.14),Trouble In My Way,the cast of gotham,0
3322,644107,587492,Guru Ram Das Chant,Guru Ganesha Singh,0,Rab da Vaasta...,2013.0,,Wahe Guru Chant,abhinav agnihotri + bhai ranjit singh + bhai sham singh,0
783,844855,239594,Your Money Makes You Purty,Jerry Reed,1999,The Blues,2003.0,Red  White and Blues (#1.6),Baby What You Want me To Do,written y jimmy reed + jeff beck,0
1033,960002,610647,One More Today,Paul Brady,0,Shaft,2000.0,,Hot Gal Today (Krotches Remix),cleveland browne + wycliff johnson + mr. vegas + sean paul,0
566,647922,653714,Retirement Community,Kaada,2006,The Commoners,2009.0,,Retirement Community,john erik kaada,1
687,246692,479195,De cara a la pared,Lhasa De Sela,0,I Love Dick,2016.0,,De Cara a la Pared,lhasa de sela + yves desrosiers,1
732,541671,225512,Main Title,Jerry Goldsmith,1966,Stargate SG-1,1997.0,Touchstone (#2.14),End Title,joel goldsmith,0
4717,959685,378340,World_ Hold On [Children of the sky][Bob Sinclar vs Harlem Hustlers Remix],Bob Sinclar feat. Steve Edwards,0,Brooklyn Rules,2007.0,,Knockin on Heavens Door,bob dylan + deborah charles + bill ortiz + nina gerber,0
3464,955629,257180,O My Soul,Big Star,1974,The Mysteries of Laura,2014.0,The Mystery of the Art Ace (#1.7),Piece of My Heart,jerry ragovoy + bert berns + big brother + the holding company,0
3529,955750,661367,I Man A African,The Sons Of Selassie,0,The Gay Ranchero,1948.0,,Waitll I Get My Sunshine Into the Moonlight,harry glick + jimmy lambert + dave olson + roy rogers + jane frazee + the sons of the pioneers,0
2529,275641,709002,1. (Allegro),The Academy of Ancient Music / Christopher Hogwood,0,Une affaire de goÃ»t,2000.0,,Nisi dominus  RV. 608: 5. Sicut sagittae in manu potentis (Allegro),antonio vivaldi + james bowman    with the academy of ancient music,0
4299,473618,296809,Baby Boy Medley,BeyoncÃ©,0,Todds Pop Song Reviews,2009.0,The Top Ten Worst Hit Songs of 2004 (#3.25),Baby Boy,beyoncÃ© knowles + scott storch + sean paul + robert waller + jay z,1
3430,668870,453472,Stop! In The Name Of Love,Supremes,0,Glory Road,2006.0,,Baby Love,brian holland + lamont dozier + eddie holland + the supremes,0
2044,920761,365085,Lucky Rock Blues,Ma Rainey,2000,Bessie,2015.0,,Weepin Woman Blues,ma rainey + pat bass,0
1523,936209,316536,D And D,Jedi Mind Tricks Presents: Army Of The Pharaohs,0,Wedding Band,2012.0,I Love College (#1.2),Shut Up and Let Me Go,jules de martino/katie white + mother of the bride,0
2889,938401,43117,Chrystal Castle,Robert Babicz,2007,Castle,2009.0,Knockout (#3.24),Castle Theme,robert duncan,0
2676,790582,622106,Simply Say I Love U,Johnny Gill / Stevie Wonder / Stevie Wonder,1996,Something to Sing About,2000.0,,Loves in Need of Love Today,stevie wonder,0
896,959760,514979,In The Name Of The Holocaust: A. 3'36,John Cage,0,Lego Star Wars: The Yoda Chronicles - The Phantom Clone,2013.0,,Duel of the Fates,john williams,0
2980,913984,182149,I Wonder WhatÂ´s Become Of Sally,Ray Anthony Orchestra - Big Band Swing,0,Playboy After Dark,1969.0,(#1.8),Who Can I Turn To?,leslie bricusse + anthony newley + sammy davis jr.,0
2881,959215,509366,Nunca La Quise,Wau Y Los Arrrghs!!,2005,La tonta del bote,1970.0,,La tonta del bote,los pekenikes + lina morgan,0
3622,276001,530852,I Love You More Every Day,John Mayall,2007,Major League II,1994.0,,(EVERYTHING I DO) GOT TO BE FUNKY,maurice john vaughn + arrangement with warner special products,0
3522,111958,57608,Everybody Here Wants You,Jeff Buckley,1998,Dancing with the Stars,2004.0,(#11.4),Pictures of You,the last goodnight + jeff blue + kurtis john + mike nadeau,0
3370,29771,102069,The Ballad of Sweeney Todd,Stephen Sondheim,1979,Great Performances,1971.0,Sondheim! The Birthday Concert,Partial Sweeny Todd,stephen sondheim,0
2057,789612,467712,Put 'Em In A Box_ Tie 'Em With A Ribbon (And Throw 'Em In The Deep Blue Sea),Steve Lawrence,0,Hell on the Battleground,1988.0,,I Belive In The Battle,steve mcclintock + tim james + patricia pitts,0
4049,940254,347762,Life In A Northern Town (Live),Little Big Town,2007,Among Thieves,2008.0,,Question Town,big buildings,0
4600,932955,406770,Can't Help Falling In Love,Elvis Presley,1961,Daydream Believers: The Monkees Story,2000.0,,Love Me Tender,elvis presley + ken darby   ),0
3512,914760,426753,Que Se Puede Hacer Salvo Ver Peliculas,La Maquina De Hacer PÃ¡jaros,0,El cielo en tu mirada,2012.0,,Lo que ves es lo que soy,odilÃ³n chÃ¡vez + ettore grenci + mÃ³nica vÃ©lez + mane de la parra,0
3042,889460,276704,Theme (The Duke) - Intro,The Dave Brubeck Quartet Featuring Paul Desmond,0,The Tonight Show Starring Johnny Carson,1962.0,(1990-10-03),Johnnys Theme,paul anka,0
2730,189118,638354,I Thought I Heard That Train Whistle Blow,Long John Baldry / Alexis Korner's Blues Incorporated,0,Table for Three,2009.0,,I Found Lovin,johnny flippin / michael walker + released 1984. + the fatback band.,0
2060,281712,725578,Waltz From  Swan Lake,Pyotr Il'yich Tchaikovsky,0,Wintertime,1943.0,,Waltz of the Flowers,pyotr ilyich tchaikovsky + david raksin,0
4231,948698,637985,Just Wait Till I Get You Alone,Carl Smith,0,SÃ¶der om landsvÃ¤gen,1936.0,,BORDSVISA / SÃ RESER VI TILL KÃPENHAMN ETT SLAG,carl romanus,0
4968,769592,168165,La seriedad de su toque en las Seguiriyas,Diego del Gastor,0,No me la puc treure del cap,2010.0,LÃ guila negra (#1.6),La mort de na Margalida,maria del mar bonet,0
915,927004,355210,Could It Be I'm Falling In Love,David Grant & Jaki Graham,1985,Austin Powers in Goldmember,2002.0,,Alfie (Whats It All About  Austin?),burt bacharach + hal david + susanna hoffs,0
5210,589814,382783,Rock Of Ages (Album),B.J. THOMAS,0,California Frontier,1938.0,,Rock of Ages,thomas hastings,0
5037,958143,148032,I Belong To Glasgow,Ramblin' Jack Elliott,1998,Mako Mermaids,2013.0,Surprise! (#3.6),I Just Wanna Be,chantelle defina + jack dacy + pete dacy + matt beckley + david cameron,0
3162,593368,451742,Slip Away (A Warning) (LP Version),Lou Reed & John Cale,0,Gigantic (A Tale of Two Johns),2002.0,,Hide Away Folk Family,john linnell + john flansburgh + they might be giants,0
2746,831648,170171,Elvis In Canada: Radio Broadcast / Live In Toronto_ Heartbreak Hotel / Toronto Teenagers Talk About ,Elvis Presley,0,OchÃ©ntame... otra vez,2014.0,Â¡MÃ¡s mÃºsica  por favor! (#3.9),Heartbreak Hotel,mae boren axton + tommy durden + elvis presley + john cale,0
4861,621956,8671,Donde No Estas Tu,Aurora Y La Academia,0,Alegrijes y rebujos,2003.0,La fiesta,Solos Tu y Yo,alejandro abaroa + cristina abaroa + pablo aguirre + alegrijes y rebujos,0
4241,842213,658118,High School Confidential,Albert Lee / Joe Hammer / Chas Hodges / Pete Robinson / B.J. Cole / Drew Croon / John Gustafson / Mick Kellie,1957,The Eurovision Song Contest,1960.0,,Looking High  High  High,john watson + bryan johnson,0
2630,929747,581632,It's Got To Be A Miracle (This Thing Called Love),Marvin Gaye / Kim Weston,0,Practical Magic,1998.0,,Got To Give It Up,marvin gaye + arrangement with polygram film + tv music,0
1846,912091,544916,In the Misty Morning / My Life on the Plains,Dave Graney 'N' The Coral Snakes,1992,Moonwalker,1988.0,,Blame It On The Boogie,mick jackson + dave jackson + the jacksons,0
4567,678923,577628,Bulletproof,La Roux,2009,Pitch Perfect,2012.0,,Bulletproof,elly jackson + ben langmaid + la roux,1
2609,874482,729081,Back to the Future Part 3 - Indians,John Debney_ Alan Silvestri_ Royal Scottish National Orchestra,0,Yes: Symphonic Live,2002.0,,Close To The Edge,jon anderson + steve howe + chris squire + yes  with european festival orchestra,0
2750,864421,368918,White Light/White Heat (Live) (Stereo),David Bowie,0,Black & White,1972.0,,Black & White,david arkin + earl robinson + sonny bono + cher,0
464,916236,91907,Shout,Tears For Fears,1984,French Open Live 2016,2016.0,Day Five (#1.5),Shout,tears for fears,1
2853,700764,368274,Inka Dinka Doo,Jimmy Durante,1993,Bing Crosby and Dean Martin Present High Hopes,1959.0,,Inka Dinka Doo,jimmy durante + bing crosby + frank sinatra + dean martin,1
934,958683,298466,I Remember,Robert Glasper,2005,Top of the Pops 2,1994.0,TOTP2 Presents the Nineties,(Everything I Do) I Do It for You,bryan adams + michael kamen + robert john lange,0
3171,152359,712938,La Mujer Es Para Quererla,Los Nemus del Pacifico,2005,Vermouth & Noche,2002.0,,Somos tontos  no pesados / Toda la noche,Ãlvaro henrÃ­quez + los tres + makiza,0
2211,953668,299453,Show Me Love,Steve Angello & Laidback Luke Feat. Robin S,2009,Top of the Pops,1964.0,(1977-11-24),How Deep is Your Love,barry gibb + robin gibb + maurice gibb + the bee gees,0
5067,958177,584894,Evil Hearted Me,Johnny Horton,0,Punisher: War Zone,2008.0,,Come See Me Tonight,stephen edwards + johnny savarino,0
1132,961482,467747,It's All Over,Ben Harney / Jennifer Holliday / Sheryl Lee Ralph / Loretta Devine / Cleavant Derricks / Obba Babatunde / Deborah Burrell,0,Hells Angels,1930.0,,Sailing  Sailing Over the Bounding Main,godfrey marks + ben lyon,0
5126,819069,69558,Beethoven : Theme & Variations in C major on a Waltz by Diabelli Op.120_ 'Diabelli Variations' : VIII Variation 7 - Un poco piÃ¹ allegro,Daniel Barenboim,0,Dexter,2006.0,Dress Code (#8.7),Blood Theme,daniel licht,0
3834,956208,57608,Today I Started Loving You Again,Dolly Parton / John Popper,1996,Dancing with the Stars,2004.0,(#11.4),Pictures of You,the last goodnight + jeff blue + kurtis john + mike nadeau,0
610,486199,421607,A One Story Town,Tom Petty And The Heartbreakers,1982,Dreamgirls,2006.0,,One Night Only,henry krieger + tom eyen + beyoncÃ© knowles + anika noni rose + sharon leal,0
2456,954113,637464,The Poor People Of Paris,The Fabulous Les Paul & Mary Ford,0,Swordfish,2001.0,,Get Out of My Life Now,paul oakenfold + andy gray + steve sacre + amoebaassassin,0
1637,960947,584526,Fiesta In Seville,David Rose And His Orchestra,2004,Public Access,2010.0,,Eggs in a Briar Patch,david byrne + arrangement with mold fig music + inc.,0
3812,941951,300528,Beat The Clock,Sparks,1979,Top of the Pops,1964.0,(1979-07-19),Beat the Clock,ron mael + russell mael + sparks,1
2091,912559,80831,El Moro Y La Mora,Miguel Y Miguel,0,El puntero,2011.0,(#1.15),La jungla tropical,miguel cantilo,0
2191,838941,286961,When I Grow Up,The Pussycat Dolls,2008,The X Factor,2004.0,Auditions 5 (#9.5),When I Grow Up,rodney darkchild jerkins + theron thomas + timothy thomas + jim mccarty + paul samwell-smith + the pussycat dolls,1
1326,886823,576421,The Streets Of Laredo,Michael Martin Murphey,1989,Picture This,2008.0,,Pictures of You,the last goodnight + jeffrey mark blue + kurtis john henneberry + michael nadeau,0
5011,802413,718597,All Your Love (I Miss Loving),Otis Rush,1958,We Bought a Zoo,2011.0,,All Your Love (I Miss Loving),otis rush,1
3581,958039,52342,I Dont Know (Lopazz Remix),Chelonis R. Jones,0,Crook & Chase,2008.0,(2009-07-02),I Dont Need Your Rockin Chair,george jones,0
4871,931447,593196,UK Breaks Mix,C + C Music Factory,0,Return of the Living Dead: Rave to the Grave,2005.0,,Sunshine Mix,atom smith + brad cooper + the factory,0
1753,756336,298466,All I Want,Michael W. Smith,2004,Top of the Pops 2,1994.0,TOTP2 Presents the Nineties,(Everything I Do) I Do It for You,bryan adams + michael kamen + robert john lange,0
2657,815123,386864,See You Later Alligator,Bill Haley and his Comets,0,Cats Dont Dance,1997.0,,Tonight Im Going Out with You,bill elliott + his orchestra,0
1366,223309,240706,Walking On Sunshine,Katrina and the Waves feat. Soweto Gospel Choir,1985,The Choir: Unsung Town,2009.0,(#1.3),Walking on Sunshine,kimberley rew + south oxhey young mens choir,0
4768,687385,623295,After Mendelssohn (137 Years) / Paint It Black / Arthur's Treat / Talking World War iii Blues / 89-90-91-92,Gavin Bryars / 1/2 Japanese / Simon Jeffes / Mark Perry / Michael Nyman,0,Sonny,2002.0,,Whip It,gerald v. casale + mark mothersbaugh + devo,0
1141,960219,301377,True Love Ways,Catherine Zeta Jones / David Essex,0,Top of the Pops,1964.0,(1980-12-18),Whole Lotta Love,ccs + jimmy page + john bonham + robert plant + john paul jones,0
1130,960178,429442,Love Can Be So Cold (Album Version),George Duke,1995,Elvis: #1 Hit Performances,2007.0,,Cant Help Falling In Love,george david weiss + hugo peretti + luigi creatore + elvis presley,0
542,959195,336243,I Love You (I Need You),Linda Jones,0,A Thousand Words,2012.0,,Just Wanna Sex You,keith sweat + roy hamilton + anthony jones + arrangement with warner music group film + tv licensing,0
2969,913984,543992,I Wonder WhatÂ´s Become Of Sally,Ray Anthony Orchestra - Big Band Swing,0,Money for Nothing,1993.0,,I Can Laugh About It Now,steve diamond + diamond mine band + joe turano,0
2527,905037,81553,A Great Day For Freedom (Live),Pink Floyd,0,Ellen: The Ellen DeGeneres Show,2003.0,Drew Barrymore/Sam Smith/Martha Stewart (#13.44),Todays the Day,pink,0
1125,165553,679195,Wicked Game (LP Version),Chris Isaak,1989,The Preppie Murder,1989.0,,Wicked Game,chris isaak,1
4654,621734,322469,Yankee Doodle,Hank Penny & The Lincoln Penny Orchestra,0,You Bet Your Life,1950.0,(#6.31),The Dipsy Doodle,larry clinton + television orchestra conducted by jack brunker meakin,0
4440,959488,253615,Eye Of The Zombie,John Fogerty,1986,The Marty Stuart Show,2008.0,John Rich (#1.15),Battle of New Orleans,jimmie driftwood + john rich,0
812,863078,191186,Cavatina - Arranged by Chris Hazell,Bryn Terfel / London Symphony Orchestra / Barry Wordsworth / John Williams,0,Radio 1s Big Weekend,2010.0,Radio 1s Big Weekend: The Best Bits (#1.5),Brick By Boring Brick,hayley williams + josh farro + paramore,0
4192,603067,490509,You Send Me,Kenny G with Michael Bolton,1997,Jawbreaker,1999.0,,I Believe You,hub moore + hub + arrangement with polygram film + tv music,0
3685,874064,441058,Silver Moon,Michael Nesmith And The First National Band,1999,Flesh and Bone,1993.0,,Blue Moon Revisited,margo timmins + michael timmins + richard rodgers + lorenz hart + the cowboy junkies,0
84,335980,262180,Rose of Old Mexico,Eddie Jones,0,The Porter Wagoner Show,1961.0,The Willis Brothers (#1.508),I Dreamed of a Hillbilly Heaven,hal sothern + eddie dean + the willis brothers,0
1658,949348,262180,Hallelujah! I Love Her So,Eddie Cochran & Gene Vincent,1988,The Porter Wagoner Show,1961.0,The Willis Brothers (#1.508),I Dreamed of a Hillbilly Heaven,hal sothern + eddie dean + the willis brothers,0
4831,810355,587639,Way Down Yonder In New Orleans,Ray Stevens,0,Race Street,1948.0,,Im in a Jam with Baby,ray heindorf + m.k. jerome + gale robbins,0
4112,686387,145460,Meet Me In St. Louis_ Louis (LP Version),Joan Carroll_ Harry Davenport_ Judy Garland And The M-G-M Studio Chorus,0,M*A*S*H,1972.0,Movie Tonight (#5.21),They Say That in the Army,alan alda + gary burghoff + william christopher + jamie farr + judy farrell + mike farrell + enid kent + larry linville + harry morgan + kellye nakahara + loretta swit,0
3768,931527,631051,Hay Baby,Jeff And Sheri Easter,0,Stonewall,1995.0,,Gee Baby Gee,jeff barry + ellie greenwich + the butterflies + arrangement with celebrity licensing inc.,0
3082,946825,371663,The Sun Ain't Gonna Shine Anymore,David Bisbal,0,Blue Eyes,2007.0,,Gonna Take Myself to God,david pierce + brackettville + texas + the funeral mourners,0
2370,953977,202508,Space Cowboy (Digitally Remastered 90),Steve Miller Band,1991,Saturday Night Live,1975.0,Katie Holmes/Dave Matthews Band (#26.13),The Space Between,dave matthews band,0
1698,895513,316536,O Dieu! que de bijoux...Ah! je ris de me voir,Dame Joan Sutherland / Orchestra of the Royal Opera House_ Covent Garden / Francesco Molinari-Pradelli,0,Wedding Band,2012.0,I Love College (#1.2),Shut Up and Let Me Go,jules de martino/katie white + mother of the bride,0
2891,938421,442862,Get Up John (2007 Remastered Live Version),Emmylou Harris,0,For the Love of Ada,1972.0,,Knees Up  Mother Brown,harris weston + bert lee,0
1154,887762,590127,These Foolish Things (Remind Me Of You),Ray Conniff Singers,0,Ray,2004.0,,The Key of G,ray charles,0
140,483358,713040,Sunday Bloody Sunday,U2,1980,Vertigo 2005: U2 Live from Chicago,2005.0,,Sunday Bloody Sunday,u2,1
1129,960178,260591,Love Can Be So Cold (Album Version),George Duke,1995,The Perry Como Show,1948.0,(#2.56),Taking a Chance on Love,vernon duke + john la touche + ted fetter + ethel waters,0
4136,940386,500934,I Don't Know How To Love Him - Sound-a-like Cover,West End Orchestra & Singers,0,Killer: A Journal of Murder,1995.0,,I LIKE TO PET,bill elliott + his orchestra + frederick hodges,0
2222,609615,671327,My Opening Farewell (Live),Bonnie Raitt With Jackson Browne,0,The Longest Yard,2005.0,,Are You Gonna Be My Girl,cameron muncey + nic cester + jet + arrangement with warner strategic marketing,0
405,950360,478825,Senorita I Love You - Original,Jerry Butler,0,I Dreamed of Africa,2000.0,,Givin It Up For Your Love,jerry lynn williams,0
3892,569225,422744,I Hate Myself For Loving You,Joan Jett & The Blackhearts,0,Du-beat-e-o,1984.0,,I Want You,joan jett + kenny laguna + ritchie cordell,0
2576,242326,700075,A Brand New Day,Diana Ross / Michael Jackson / Nipsey Russell / Ted Ross / Richard Pryor / Lena Horne / Mabel King / Thelma Carpenter / Theresa Merritt,1988,Top of the Pops: The Story of 1979,2014.0,,One Day at a Time,marijohn wilkin + kris kristofferson + lena martell,0
5146,958370,399620,Egypt_ Egypt,The Egyptian Lover,0,Crack House,1989.0,,Egypt  Egypt,the egyptian lover,1
3679,800333,204222,I Can't Go For That (No Can Do),Daryl Hall & John Oates,1981,Scene at 6:30,1963.0,(1964-10-16),I Should Have Known Better,john lennon + paul mccartney + the beatles,0
681,893844,220286,Save Your Love,Great White,1987,Soul Train,1971.0,Stephanie Mills/Force MDs (#17.26),Your Love Drives Me Crazy,james edward white + jr. + force m.d.s,0
258,934247,483674,We Will Rock You (Live 2000),Queen & Five,0,In Lieu of Flowers,2013.0,,Still in Love With You,trent yaconelli + five a.m.,0
3900,931743,1866,Happy End In Agrabah,Alan Menken,1992,20 to 1,2005.0,TVs Funniest Neighbours (#10.5),Happy Together,the turtles + alan gordon + gary bonner,0
985,959912,652694,Bean Dubh an Ghleanna (Dark Woman of the Glen),Tony Mac Mahon_ Noel Hill & Iarla O Lionaird,0,The Cemetery Club,1993.0,,Kiss Of Fire,lester allen + robert hill + diane ladd,0
2257,232119,635557,Zobi La Mouche,Les NÃ©gresses Vertes,1988,Sur mes lÃ¨vres,2001.0,,Zobi la mouche,les nÃ©gresses vertes + kind permission of editions emi virgin music publishing + delabel editions + kind permission of virgin france,1
3587,570892,321149,Love,Kele Le Roc,0,World Championship Snooker,1973.0,2015: Day 14  Part 3 (#43.72),My Love,kele le roc,1
2748,766114,42794,Wouldn't It Be Nice,The Beach Boys,1966,Casal Rock,2009.0,Compte enrere (#2.9),Wouldnt It Be Nice,brian wilson + mike love + tony asher + the beach boys,1
1847,912091,219643,In the Misty Morning / My Life on the Plains,Dave Graney 'N' The Coral Snakes,1992,Sons of Anarchy,2008.0,Hell Followed (#1.9),This Life,curtis stigers + bob thiele jr. + dave kushner + the forest rangers,0
4599,513208,57006,Part-Time Lover,Stevie Wonder,1985,Dancing Stars,2005.0,(#7.8),Part-Time Lover,stevie wonder + dancing stars live-orchestra,1
690,926646,649808,I Want Some of Your Pie,Blind Boy Fuller,1989,The Black Facade,2009.0,,Fourth of July,jamie ewing + bent outta shape + ian pony boy campbell + ren khodzheyev + matthew skip callahan,0
2713,946875,347918,Improvisation in the form of Theme and Variation on 'Someone to watch over me': Theme,Martin Jones,0,Amos & Andrew,1993.0,,Tales Of Brave Ulysses,cream + eric clapton + martin sharpe,0
1408,18583,12143,Will I See My Star,The Dolly Rocker Movement,2006,American Idol: The Search for a Superstar,2002.0,Top 13 Perform (#11.17),I Will Always Love You,dolly parton + jessica sanchez,0
4230,408008,173022,Be My Guest,Manhattan Brothers,0,One Tree Hill,2003.0,I Cant See You  But I Know Youre There (#8.2),Cant Take My Eyes Off You,cary brothers  with jason kanakis,0
888,697604,375635,If You Want This Love,The West Coast Pop Art Experimental Band,1966,Bratz,2007.0,,Doesnt Get Better Than This,alex band + d. damico,0
283,942477,711328,I Get Evil,Pat Benatar,1991,Valley Girl,1983.0,,I La-La-La Love You,pat travers,0
5112,925523,236423,Sarah At Night,Brothers,0,The Anna Nicole Show,2002.0,Paintball (#1.11),Sarah,scott wooldridge + brian wooldridge + the wooldridge brothers,0
5104,952277,628996,I'll Play The Blues For You,Albert King,1972,Stars in Your Eyes,1956.0,,Without You,edwin astley + albert elms + hazel astley + malcolm harvey + dorothy squires,0
4400,916149,257180,Medley: 60 Minutes Of Your Love/A Lot Of Love (2004 Digital Remaster) (Stereo),Simon Dupree & The Big Sound,0,The Mysteries of Laura,2014.0,The Mystery of the Art Ace (#1.7),Piece of My Heart,jerry ragovoy + bert berns + big brother + the holding company,0
4591,867383,86789,Giving You The Best That I Got [Single Version],Anita Baker,2002,Fallen Angels,1993.0,The Quiet Room (#1.3),All the Things You Are,jerome kern + oscar hammerstein ii + chet baker,0
895,959760,57608,In The Name Of The Holocaust: A. 3'36,John Cage,0,Dancing with the Stars,2004.0,(#11.4),Pictures of You,the last goodnight + jeff blue + kurtis john + mike nadeau,0
53,942159,59436,Come Let Me Make Your Love Come Down,Stevie Wonder,1987,Dancing with the Stars,2005.0,Week 6: Stevie Wonder Night (#16.11),I Just Called to Say I Love You,stevie wonder,0
2141,928982,527940,Little Road and a Stone to Roll (LP Version),John Stewart,0,MVP: Most Vertical Primate,2001.0,,Hittin the Road Again,john m. rosenberg + brahm wenger,0
4317,891419,252054,Keep Right On To The End Of The Road,Sir Harry Lauder,0,The Life and Legend of Wyatt Earp,1955.0,The Big Bellyache (#3.2),The Legend of Wyatt Earp,harry warren + the ken darby singers,0
664,926594,57608,Whatever Gets You Thru The Night (2005 Mix),John Lennon,0,Dancing with the Stars,2004.0,(#11.4),Pictures of You,the last goodnight + jeff blue + kurtis john + mike nadeau,0
599,885218,193161,Love Or Let Me Be Lonely,The Friends Of Distinction,1995,Reading and Leeds Festival,2009.0,Kings of Leon (#1.3),Be Somebody,kings of leon,0
1199,501522,507918,La Cosa Buffa (Reprise 9),Ennio Morricone,0,La guerre est dÃ©clarÃ©e,2011.0,,Theme from _La cosa buffa (1972)_ (qv)  directed by Aldo Lado (qv),ennio morricone,0
4937,957938,554220,Coppelia : Act I - Czardas-Danse hongroise,Andrew Mogrelia,0,Neighbors 2: Sorority Rising,2016.0,,I OWN IT,andrew wallace + angel haze + autumn rowe + nacey,0
980,763294,729081,Shuffle Off To Buffalo,Hal Kemp and his Orchestra,0,Yes: Symphonic Live,2002.0,,Close To The Edge,jon anderson + steve howe + chris squire + yes  with european festival orchestra,0
4896,351685,429442,The Next Step Is Love,Elvis Presley,1970,Elvis: #1 Hit Performances,2007.0,,Cant Help Falling In Love,george david weiss + hugo peretti + luigi creatore + elvis presley,0
2534,949414,306500,You're The One That I Want,John Travolta / Olivia Newton-John,1978,Tu cara me suena,2011.0,(#1.1),I Want to Break Free,john deacon + carlos latre,0
4263,850418,348551,Dedicated To You,John Coltrane / Johnny Hartman,1963,An Indecent Obsession,1985.0,,It Could Have Been You,david skinner + alan lancaster + john swan,0
4201,825758,643340,Saturday Night (Arno Cost Remix),Michael Feiner feat. Daniel LindstrÃ¶m,2009,Thats My Boy,2012.0,,Dance The Night Away,edward van halen + alex van halen + michael anthony + david lee roth + van halen + arrangement with warner music group film + tv licensing,0
5024,908965,399505,The Best Side Of Life,Sarah Connor,2006,Cowboys & Angels,2003.0,,Price of Dub,client + sarah blackwood + kate holmes,0
3999,491490,672170,The Night They Drove Old Dixie Down (Live) (2001 Digital Remaster),The Band,0,The Magic of David Copperfield XIII: Mystery on the Orient Express,1991.0,,Burning Down the House,the american rock band talking heads + david byrne + chris frantz + jerry harrison + tina weymouth,0
1265,960441,42374,Give It To Me,Mobb Deep / Young Buck,2006,Caroline in the City,1995.0,Caroline and the Cold Sesame Noodles (#3.8),Give My Regards to Broadway,george m. cohan + rita mckenzie + keone young + parry shen + andrew lauer,0
3790,939740,516467,Kozmic Blues,Janis Joplin,1969,Les petits mouchoirs,2010.0,,Kozmic Blues,janis joplin + gabriel mekler,1
525,836282,553761,Cuando El Hombre Quiere,Los Nemus del Pacifico,0,Nebraska,2013.0,,El Santo Cachon,luis brito lopez + los embajadores vallenatos,0
2862,954732,182149,I Shall Not Be Moved,Carlene Davis,0,Playboy After Dark,1969.0,(#1.8),Who Can I Turn To?,leslie bricusse + anthony newley + sammy davis jr.,0
1800,957551,149353,Young Love,Sonny James,1959,Mary Tyler Moore,1970.0,And Now  Sitting in for Ted Baxter (#2.9),Love Is All Around,sonny curtis,0
215,951754,553761,El dÃ­a feliz,Los Bunkers,0,Nebraska,2013.0,,El Santo Cachon,luis brito lopez + los embajadores vallenatos,0
2822,798089,493207,Love Theme,The Boston Pops Orchestra / John Williams,0,John Mayer: Someday Ill Fly,2014.0,,Love Song For No One,john mayer,0
4142,956797,38176,A Boy Like That - I Have a Love,Chita Rivera & Carol Lawrence & Leonard Bernstein&The New York Philharmonic Orchestra,0,Bunheads,2012.0,Take the Vicuna (#1.15),The Sleeping Beauty  Op. 66: Act III - Pas De Deux: Aurore (Variation Ii),andrew mogrelia + czecho-slovak state philharmonic orchestra,0
1206,935707,124922,On Christmas Morning,Michael McDonald,0,JonTron,2010.0,Foodfight! (#5.3),Widower Christmas,michael donner,0
3580,611844,453740,The Day Of The Wedding (June) (Album Version),Charles Wright & The Watts 103rd. Street Rhythm Band,0,Go West,1940.0,,From the Land of the Sky-Blue Water,charles wakefield cadman + harpo marx   on a harp disguised as a loom + the unidentified indian chief,0
3718,945769,328383,This Is the One Thing We Did Not Want to Have Happen,The Brian Jonestown Massacre,2010,2014 Billboard Music Awards,2014.0,,This Is How We Roll,tyler hubbard + brian kelley + cole swindell + luke bryan + florida georgia line,0
3,393235,661367,Moonlight In The Prairie,Roy Rogers,0,The Gay Ranchero,1948.0,,Waitll I Get My Sunshine Into the Moonlight,harry glick + jimmy lambert + dave olson + roy rogers + jane frazee + the sons of the pioneers,0
1315,830418,674216,Night And Day,Cole Porter,1964,The Monuments Men,2014.0,,Night And Day,cole porter + patrick peronne,1
2956,414246,193086,Pretty Visitors,Arctic Monkeys,2009,Reading and Leeds Festival,2009.0,Arctic Monkeys (#1.5),Pretty Visitors,arctic monkeys,1
3386,791672,154989,The Nutcracker Suite_ Op. 71a_ Dance Of The Sugar Plum Fairy,Leopold Stokowski/The Philadelphia Orchestra,0,Miss Fishers Murder Mysteries,2012.0,Game  Set & Murder (#3.7),Whats the Use of Living Without Love,james hanley + joseph mccarthy + king oliver + his orchestra,0
2336,863808,350917,Chris Rock Was My R.A.,Jimmy Fallon,2002,Another Gay Movie,2006.0,,I Was Born This Way,bunny jones + chris spierer + craig c + jimmy somerville,0
5106,577503,72488,Sunshine,ARRESTED DEVELOPMENT,2006,Doctor Who,2005.0,Smith and Jones (#3.1),Sunshine,arrested development,1
1342,935980,70012,Cost Of Living,Right Said Fred,2006,Die Harald Schmidt Show,1995.0,Show #13 (#1.13),Living on a Dream,right said fred,0
1402,845972,305695,Days Of Old (Album Version),Eric Clapton / B.B. King,2000,True Blood,2008.0,Scratches (#2.3),Power (Voodoo Version),king britt,0
3961,951773,694744,Je N'En Connais La Fin/If You Love Me (Really Love Me),Jeff Buckley,0,This Is 40,2012.0,,I Got You (At the End of the Century),jeff tweedy + wilco,0
819,99437,257180,The Twelve Days Of Christmas (Album Version),Jerry Jeff Walker,0,The Mysteries of Laura,2014.0,The Mystery of the Art Ace (#1.7),Piece of My Heart,jerry ragovoy + bert berns + big brother + the holding company,0
4232,834013,661367,Give My Regards To Broadway / The Yankee Doodle Boy,Jane Morgan,0,The Gay Ranchero,1948.0,,Waitll I Get My Sunshine Into the Moonlight,harry glick + jimmy lambert + dave olson + roy rogers + jane frazee + the sons of the pioneers,0
2173,879856,406679,In the end,Michael Mantler_ Jack Bruce_ Marianne Faithfull_ Robert Wyatt,0,Day Dreamer,1975.0,,Just in Time to See the Sun,carlos santana + gregg rolie + michael shrieve + santana,0
3249,947093,637117,Jesus_ I Am Yours/I Surrender All,Al Denson,0,Swing It Professor,1937.0,,Im Sorta Kinda Glad I Met You,al heath + buddy la roux + connie lee,0
2696,258118,554278,Pffft_ You Were Gone,East Side Dave & The Mountain Folk Band,0,Neil Diamond: Hot August Night/NYC,2009.0,,You Dont Bring Me Flowers,neil diamond   with linda press + the neil diamond band,0
4094,956672,429442,The One I Love (Acoustic),David Gray,0,Elvis: #1 Hit Performances,2007.0,,Cant Help Falling In Love,george david weiss + hugo peretti + luigi creatore + elvis presley,0
1720,919307,574816,Laulu hÃ¤nnÃ¤ttÃ¶mistÃ¤ perkeleistÃ¤,M.A. Numminen,0,Perkele! Kuvia Suomesta,1971.0,,Laulu huonoista palkoista,m.a. numminen + arja saijonmaa,1
225,942383,649185,You Can't Stand The Thought Of Another Man Loving Me,Millie Jackson,2008,The Big Hit,1998.0,,Im the Man,joe jackson + buck-o-nine,0
3938,800744,193121,You've Got The Love,Florence + The Machine,2009,Reading and Leeds Festival,2009.0,Florence and the Machine (#1.1),Youve Got The Love,anthony b. stephens + florence + the machine,1
1254,780172,365292,Teen Angel,Mark Dinning,1973,Best of Bandstand,1986.0,,Teen Angel,red surrey + jean dinning + mark dinning,1
4474,785238,566093,Let Me Entertain You (Live At Knebworth),Robbie Williams,2003,One Night with Robbie Williams,2001.0,,Me and My Shadow,dave dreyer + al jolson + billy rose + robbie williams,0
1626,928837,347383,Water Music Suite No.1 for orchestra in F major_ HWV 348/IX. Minuet in D Major,New York Philharmonic;Pierre Boulez,0,American Teen,2008.0,,Adventures in Solitude,a.c. newman + the new pornographers,0
669,926594,192177,Whatever Gets You Thru The Night (2005 Mix),John Lennon,0,Raising Hope,2010.0,Mongooses (#1.17),You Make My Dreams,sara allen + daryl hall + john oates + hall + oates,0
3870,959355,555119,O Little Town Of Bethlehem,Kevin Max,0,New Blood Rising,2014.0,,Peace of Mind,kevin macleod,0
3427,939203,394967,All My Life,Parachute Band,2000,Coffee Therapy,2006.0,,Chinatown My Chinatown,w. jerome + j. schwartz + the firecracker jazz band,0
1754,756336,638354,All I Want,Michael W. Smith,2004,Table for Three,2009.0,,I Found Lovin,johnny flippin / michael walker + released 1984. + the fatback band.,0
1029,894461,216063,A Heart & a Hand & the Love for a Band,David & The Citizens,2006,So You Think You Can Dance Canada,2008.0,Top 20 Performance (#4.8),Melody of Love (Wanna Be Loved),donna summer + david cole + robert clivillÃ©s + joe carrano,0
2339,855621,406679,Todo Mi Amor Eres Tu (I Just Can't Stop Loving You),Michael Jackson,2001,Day Dreamer,1975.0,,Just in Time to See the Sun,carlos santana + gregg rolie + michael shrieve + santana,0
5054,745179,591561,Way Down,Marty Stuart And His Fabulous Superlatives / Handsome Harry,2005,Reet  Petite  and Gone,1947.0,,I KNOW WHAT YOURE PUTTIN DOWN,louis jordan + louis jordan   with his tympany five,0
1341,935980,424607,Cost Of Living,Right Said Fred,2006,Easter Parade,1948.0,,A Couple of Swells,irving berlin + fred astaire + judy garland,0
4496,515900,337771,Nobody Wants To Be Lonely,Ricky Martin with Christina Aguilera,1999,ATL,2006.0,,Do It to It,rodney richard + john williams + sean paul joseph + farrah king + neosha king + cherish + sean paul + arrangement with sony bmg music entertainment,0
370,344539,699192,Drive My Car,The Ultimate Beatles Cover Band,0,Tommys Hollywood Report,1988.0,,Drive My Car,john lennon + paul mccartney + the beatles,0
1568,128737,335897,Had I Known You Better Then (LP Version),Daryl Hall And John Oates,1996,A Special Olivia Newton-John,1976.0,,Have You Never Been Mellow,john farrar + olivia newton-john,0
235,926014,721433,The Last Emperor - Main Theme,The City of Prague Philharmonic Orchestra,0,Whatever Works,2009.0,,Symphony No. 9 in D Minor  Op. 125 Choral - Molto Vivace,ludwig van beethoven + royal philharmonic orchestra,0
1264,960441,683109,Give It To Me,Mobb Deep / Young Buck,2006,The School of Rock,2003.0,,Highway To Hell,bon scott + angus young + malcolm young,0
2304,470500,454271,Available Space,Ry Cooder,1970,Goin South,1978.0,,Available Space,ry cooder,1
1121,960174,154989,King of the Honky Tonks,Commander Cody And His Lost Planet Airmen,0,Miss Fishers Murder Mysteries,2012.0,Game  Set & Murder (#3.7),Whats the Use of Living Without Love,james hanley + joseph mccarthy + king oliver + his orchestra,0
4878,556460,487122,Aastana Hai Yeh Kis Shah-E-Zeshan Ka,Ustad Nusrat Fateh Ali Khan,0,Ishqiya,2010.0,,Dil Toh Bacha Hai Jee,rahat fateh ali khan + vishal bhardwaj + music on t-series,0
4994,581213,181975,Love Me Or Leave Me,Gregory Isaacs & Dennis Brown,1989,Pistvakt - en vintersaga,1998.0,Flytande inspektion (#1.4),Give It Up or Turnit a Loose,charles bobbitt + james brown,0
4812,777557,659669,You'd Be So Nice To Come Home To,Jim Hall,1975,The Fighting Temptations,2003.0,,Come Back Home,jimmy jam + terry lewis + big jim wright + the ojays + t-bone + lil zane,0
